{"train/std":0.60663414,"eval/crash":0.2631579,"train/approx_kl":0.014214176,"train/out_of_road":0.90877193,"train/clip_fraction":0.04140625,"global_step":573440,"eval/max_step":0,"rollout/ep_len_mean":315.87,"_step":2414,"eval/raw_action":0.486311,"eval/mean_reward":200.40411,"train/clip_range":0.4,"eval/route_completion":0.3629021,"train/arrive_dest":0.09122807,"eval/total_cost":6.1473684,"_wandb":{"runtime":1253},"rollout/ep_rew_mean":275.73447,"train/loss":37.778885,"train/learning_rate":5e-05,"eval/arrive_dest":0.05964912,"eval/num_episodes":5,"_timestamp":1.7424482110750217e+09,"train/value_loss":89.34814,"eval/out_of_road":0.9403509,"train/entropy_loss":-1.7840018,"train/explained_variance":0.68647087,"train/total_cost":8.547368,"time/fps":458,"train/policy_gradient_loss":-0.0021529128,"_runtime":1252.8354517,"eval/mean_ep_length":151.4,"train/route_completion":0.36194578,"train/max_step":0,"eval/success_rate":0.1,"train/crash":0.25263157}